params,time,steps,reward_mean,reward_median,reward_min,reward_max,reward_std
"{""alpha"": 0.1, ""q_init"": ""random"", ""epsilon"": 0.1, ""epsilon_decay"": 0.0001, ""discount_factor"": 0.0}",5.080467999999996,100,0.0,0.0,0.0,0.0,0.0
"{""alpha"": 0.1, ""q_init"": ""random"", ""epsilon"": 0.1, ""epsilon_decay"": 0.0001, ""discount_factor"": 0.1}",5.070938999999953,100,0.0,0.0,0.0,0.0,0.0
"{""alpha"": 0.1, ""q_init"": ""random"", ""epsilon"": 0.1, ""epsilon_decay"": 0.0001, ""discount_factor"": 0.2}",8.403426000000081,100,0.0,0.0,0.0,0.0,0.0
"{""alpha"": 0.1, ""q_init"": ""random"", ""epsilon"": 0.1, ""epsilon_decay"": 0.0001, ""discount_factor"": 0.3}",8.240784000000076,100,0.0,0.0,0.0,0.0,0.0
"{""alpha"": 0.1, ""q_init"": ""random"", ""epsilon"": 0.1, ""epsilon_decay"": 0.0001, ""discount_factor"": 0.4}",8.266277999999943,100,0.0,0.0,0.0,0.0,0.0
"{""alpha"": 0.1, ""q_init"": ""random"", ""epsilon"": 0.1, ""epsilon_decay"": 0.0001, ""discount_factor"": 0.5}",8.098033999999984,100,0.0,0.0,0.0,0.0,0.0
"{""alpha"": 0.1, ""q_init"": ""random"", ""epsilon"": 0.1, ""epsilon_decay"": 0.0001, ""discount_factor"": 0.6}",8.281780000000026,100,0.0,0.0,0.0,0.0,0.0
"{""alpha"": 0.1, ""q_init"": ""random"", ""epsilon"": 0.1, ""epsilon_decay"": 0.0001, ""discount_factor"": 0.7}",7.979428999999982,100,0.0,0.0,0.0,0.0,0.0
"{""alpha"": 0.1, ""q_init"": ""random"", ""epsilon"": 0.1, ""epsilon_decay"": 0.0001, ""discount_factor"": 0.8}",8.13279,100,0.0,0.0,0.0,0.0,0.0
"{""alpha"": 0.1, ""q_init"": ""random"", ""epsilon"": 0.1, ""epsilon_decay"": 0.0001, ""discount_factor"": 0.9}",8.115729999999985,100,0.0,0.0,0.0,0.0,0.0
"{""alpha"": 0.1, ""q_init"": ""random"", ""epsilon"": 0.3, ""epsilon_decay"": 0.0001, ""discount_factor"": 0.0}",5.18741799999998,100,0.0,0.0,0.0,0.0,0.0
"{""alpha"": 0.1, ""q_init"": ""random"", ""epsilon"": 0.3, ""epsilon_decay"": 0.0001, ""discount_factor"": 0.1}",5.074852999999848,100,0.0,0.0,0.0,0.0,0.0
"{""alpha"": 0.1, ""q_init"": ""random"", ""epsilon"": 0.3, ""epsilon_decay"": 0.0001, ""discount_factor"": 0.2}",8.397589000000153,100,0.0,0.0,0.0,0.0,0.0
"{""alpha"": 0.1, ""q_init"": ""random"", ""epsilon"": 0.3, ""epsilon_decay"": 0.0001, ""discount_factor"": 0.3}",8.346495000000004,100,0.0,0.0,0.0,0.0,0.0
"{""alpha"": 0.1, ""q_init"": ""random"", ""epsilon"": 0.3, ""epsilon_decay"": 0.0001, ""discount_factor"": 0.4}",8.375637000000097,100,0.0,0.0,0.0,0.0,0.0
"{""alpha"": 0.1, ""q_init"": ""random"", ""epsilon"": 0.3, ""epsilon_decay"": 0.0001, ""discount_factor"": 0.5}",7.9024369999999635,100,0.0,0.0,0.0,0.0,0.0
"{""alpha"": 0.1, ""q_init"": ""random"", ""epsilon"": 0.3, ""epsilon_decay"": 0.0001, ""discount_factor"": 0.6}",7.561216999999942,100,0.0,0.0,0.0,0.0,0.0
"{""alpha"": 0.1, ""q_init"": ""random"", ""epsilon"": 0.3, ""epsilon_decay"": 0.0001, ""discount_factor"": 0.7}",7.533846999999923,100,0.0,0.0,0.0,0.0,0.0
"{""alpha"": 0.1, ""q_init"": ""random"", ""epsilon"": 0.3, ""epsilon_decay"": 0.0001, ""discount_factor"": 0.8}",7.464480999999978,100,0.0,0.0,0.0,0.0,0.0
"{""alpha"": 0.1, ""q_init"": ""random"", ""epsilon"": 0.3, ""epsilon_decay"": 0.0001, ""discount_factor"": 0.9}",8.072615000000042,100,0.0,0.0,0.0,0.0,0.0
"{""alpha"": 0.1, ""q_init"": ""random"", ""epsilon"": 0.5, ""epsilon_decay"": 0.0001, ""discount_factor"": 0.0}",5.249667999999929,100,0.0,0.0,0.0,0.0,0.0
"{""alpha"": 0.1, ""q_init"": ""random"", ""epsilon"": 0.5, ""epsilon_decay"": 0.0001, ""discount_factor"": 0.1}",5.148918000000094,100,0.0,0.0,0.0,0.0,0.0
"{""alpha"": 0.1, ""q_init"": ""random"", ""epsilon"": 0.5, ""epsilon_decay"": 0.0001, ""discount_factor"": 0.2}",8.032568999999967,100,0.0,0.0,0.0,0.0,0.0
"{""alpha"": 0.1, ""q_init"": ""random"", ""epsilon"": 0.5, ""epsilon_decay"": 0.0001, ""discount_factor"": 0.3}",7.996801000000005,100,0.0,0.0,0.0,0.0,0.0
"{""alpha"": 0.1, ""q_init"": ""random"", ""epsilon"": 0.5, ""epsilon_decay"": 0.0001, ""discount_factor"": 0.4}",8.317166000000043,100,0.0,0.0,0.0,0.0,0.0
"{""alpha"": 0.1, ""q_init"": ""random"", ""epsilon"": 0.5, ""epsilon_decay"": 0.0001, ""discount_factor"": 0.5}",7.816188000000011,100,0.0,0.0,0.0,0.0,0.0
"{""alpha"": 0.1, ""q_init"": ""random"", ""epsilon"": 0.5, ""epsilon_decay"": 0.0001, ""discount_factor"": 0.6}",7.964733000000024,100,0.0,0.0,0.0,0.0,0.0
"{""alpha"": 0.1, ""q_init"": ""random"", ""epsilon"": 0.5, ""epsilon_decay"": 0.0001, ""discount_factor"": 0.7}",8.142501999999922,100,0.0,0.0,0.0,0.0,0.0
"{""alpha"": 0.1, ""q_init"": ""random"", ""epsilon"": 0.5, ""epsilon_decay"": 0.0001, ""discount_factor"": 0.8}",8.270675999999867,100,0.0,0.0,0.0,0.0,0.0
"{""alpha"": 0.1, ""q_init"": ""random"", ""epsilon"": 0.5, ""epsilon_decay"": 0.0001, ""discount_factor"": 0.9}",8.097416000000067,100,0.0,0.0,0.0,0.0,0.0
"{""alpha"": 0.1, ""q_init"": 0, ""epsilon"": 0.1, ""epsilon_decay"": 0.0001, ""discount_factor"": 0.0}",7.545601000000033,100,0.0,0.0,0.0,0.0,0.0
"{""alpha"": 0.1, ""q_init"": 0, ""epsilon"": 0.1, ""epsilon_decay"": 0.0001, ""discount_factor"": 0.1}",7.544065000000046,100,0.0,0.0,0.0,0.0,0.0
"{""alpha"": 0.1, ""q_init"": 0, ""epsilon"": 0.1, ""epsilon_decay"": 0.0001, ""discount_factor"": 0.2}",7.597327999999834,100,0.0,0.0,0.0,0.0,0.0
"{""alpha"": 0.1, ""q_init"": 0, ""epsilon"": 0.1, ""epsilon_decay"": 0.0001, ""discount_factor"": 0.3}",7.4208199999998214,100,0.0,0.0,0.0,0.0,0.0
"{""alpha"": 0.1, ""q_init"": 0, ""epsilon"": 0.1, ""epsilon_decay"": 0.0001, ""discount_factor"": 0.4}",7.910170999999991,100,0.0,0.0,0.0,0.0,0.0
"{""alpha"": 0.1, ""q_init"": 0, ""epsilon"": 0.1, ""epsilon_decay"": 0.0001, ""discount_factor"": 0.5}",7.392747999999983,100,0.0,0.0,0.0,0.0,0.0
"{""alpha"": 0.1, ""q_init"": 0, ""epsilon"": 0.1, ""epsilon_decay"": 0.0001, ""discount_factor"": 0.6}",7.700353999999834,100,0.0,0.0,0.0,0.0,0.0
"{""alpha"": 0.1, ""q_init"": 0, ""epsilon"": 0.1, ""epsilon_decay"": 0.0001, ""discount_factor"": 0.7}",7.570437000000084,100,0.0,0.0,0.0,0.0,0.0
"{""alpha"": 0.1, ""q_init"": 0, ""epsilon"": 0.1, ""epsilon_decay"": 0.0001, ""discount_factor"": 0.8}",8.011207000000013,100,0.0,0.0,0.0,0.0,0.0
"{""alpha"": 0.1, ""q_init"": 0, ""epsilon"": 0.1, ""epsilon_decay"": 0.0001, ""discount_factor"": 0.9}",7.6376339999999345,100,0.0,0.0,0.0,0.0,0.0
"{""alpha"": 0.1, ""q_init"": 0, ""epsilon"": 0.3, ""epsilon_decay"": 0.0001, ""discount_factor"": 0.0}",8.165443000000096,100,0.0,0.0,0.0,0.0,0.0
"{""alpha"": 0.1, ""q_init"": 0, ""epsilon"": 0.3, ""epsilon_decay"": 0.0001, ""discount_factor"": 0.1}",7.6012490000000525,100,0.0,0.0,0.0,0.0,0.0
"{""alpha"": 0.1, ""q_init"": 0, ""epsilon"": 0.3, ""epsilon_decay"": 0.0001, ""discount_factor"": 0.2}",7.374416999999994,100,0.0,0.0,0.0,0.0,0.0
"{""alpha"": 0.1, ""q_init"": 0, ""epsilon"": 0.3, ""epsilon_decay"": 0.0001, ""discount_factor"": 0.3}",7.797348000000056,100,0.0,0.0,0.0,0.0,0.0
"{""alpha"": 0.1, ""q_init"": 0, ""epsilon"": 0.3, ""epsilon_decay"": 0.0001, ""discount_factor"": 0.4}",7.520615000000134,100,0.0,0.0,0.0,0.0,0.0
"{""alpha"": 0.1, ""q_init"": 0, ""epsilon"": 0.3, ""epsilon_decay"": 0.0001, ""discount_factor"": 0.5}",7.187152999999853,100,0.0,0.0,0.0,0.0,0.0
"{""alpha"": 0.1, ""q_init"": 0, ""epsilon"": 0.3, ""epsilon_decay"": 0.0001, ""discount_factor"": 0.6}",7.224427999999989,100,0.0,0.0,0.0,0.0,0.0
"{""alpha"": 0.1, ""q_init"": 0, ""epsilon"": 0.3, ""epsilon_decay"": 0.0001, ""discount_factor"": 0.7}",7.138876999999866,100,0.0,0.0,0.0,0.0,0.0
"{""alpha"": 0.1, ""q_init"": 0, ""epsilon"": 0.3, ""epsilon_decay"": 0.0001, ""discount_factor"": 0.8}",7.4865819999999985,100,0.0,0.0,0.0,0.0,0.0
"{""alpha"": 0.1, ""q_init"": 0, ""epsilon"": 0.3, ""epsilon_decay"": 0.0001, ""discount_factor"": 0.9}",7.267684000000145,100,0.0,0.0,0.0,0.0,0.0
"{""alpha"": 0.1, ""q_init"": 0, ""epsilon"": 0.5, ""epsilon_decay"": 0.0001, ""discount_factor"": 0.0}",6.873896000000059,100,0.0,0.0,0.0,0.0,0.0
"{""alpha"": 0.1, ""q_init"": 0, ""epsilon"": 0.5, ""epsilon_decay"": 0.0001, ""discount_factor"": 0.1}",7.095057999999881,100,0.0,0.0,0.0,0.0,0.0
"{""alpha"": 0.1, ""q_init"": 0, ""epsilon"": 0.5, ""epsilon_decay"": 0.0001, ""discount_factor"": 0.2}",6.6859649999998965,100,0.0,0.0,0.0,0.0,0.0
"{""alpha"": 0.1, ""q_init"": 0, ""epsilon"": 0.5, ""epsilon_decay"": 0.0001, ""discount_factor"": 0.3}",6.926772000000028,100,0.0,0.0,0.0,0.0,0.0
"{""alpha"": 0.1, ""q_init"": 0, ""epsilon"": 0.5, ""epsilon_decay"": 0.0001, ""discount_factor"": 0.4}",6.819531000000097,100,0.0,0.0,0.0,0.0,0.0
"{""alpha"": 0.1, ""q_init"": 0, ""epsilon"": 0.5, ""epsilon_decay"": 0.0001, ""discount_factor"": 0.5}",6.810601000000133,100,0.0,0.0,0.0,0.0,0.0
"{""alpha"": 0.1, ""q_init"": 0, ""epsilon"": 0.5, ""epsilon_decay"": 0.0001, ""discount_factor"": 0.6}",6.8850320000001375,100,0.0,0.0,0.0,0.0,0.0
"{""alpha"": 0.1, ""q_init"": 0, ""epsilon"": 0.5, ""epsilon_decay"": 0.0001, ""discount_factor"": 0.7}",7.054161000000022,100,0.0,0.0,0.0,0.0,0.0
"{""alpha"": 0.1, ""q_init"": 0, ""epsilon"": 0.5, ""epsilon_decay"": 0.0001, ""discount_factor"": 0.8}",6.878831999999875,100,0.0,0.0,0.0,0.0,0.0
"{""alpha"": 0.1, ""q_init"": 0, ""epsilon"": 0.5, ""epsilon_decay"": 0.0001, ""discount_factor"": 0.9}",7.169779000000062,100,0.0,0.0,0.0,0.0,0.0
"{""alpha"": 0.5, ""q_init"": ""random"", ""epsilon"": 0.1, ""epsilon_decay"": 0.0001, ""discount_factor"": 0.0}",4.852167999999892,100,0.0,0.0,0.0,0.0,0.0
"{""alpha"": 0.5, ""q_init"": ""random"", ""epsilon"": 0.1, ""epsilon_decay"": 0.0001, ""discount_factor"": 0.1}",5.195347000000083,100,0.0,0.0,0.0,0.0,0.0
"{""alpha"": 0.5, ""q_init"": ""random"", ""epsilon"": 0.1, ""epsilon_decay"": 0.0001, ""discount_factor"": 0.2}",8.205343999999968,100,0.0,0.0,0.0,0.0,0.0
"{""alpha"": 0.5, ""q_init"": ""random"", ""epsilon"": 0.1, ""epsilon_decay"": 0.0001, ""discount_factor"": 0.3}",7.709884000000102,100,0.0,0.0,0.0,0.0,0.0
"{""alpha"": 0.5, ""q_init"": ""random"", ""epsilon"": 0.1, ""epsilon_decay"": 0.0001, ""discount_factor"": 0.4}",7.405040999999983,100,0.0,0.0,0.0,0.0,0.0
"{""alpha"": 0.5, ""q_init"": ""random"", ""epsilon"": 0.1, ""epsilon_decay"": 0.0001, ""discount_factor"": 0.5}",7.45526400000017,100,0.0,0.0,0.0,0.0,0.0
"{""alpha"": 0.5, ""q_init"": ""random"", ""epsilon"": 0.1, ""epsilon_decay"": 0.0001, ""discount_factor"": 0.6}",7.35916700000007,100,0.0,0.0,0.0,0.0,0.0
"{""alpha"": 0.5, ""q_init"": ""random"", ""epsilon"": 0.1, ""epsilon_decay"": 0.0001, ""discount_factor"": 0.7}",7.538457000000108,100,0.0,0.0,0.0,0.0,0.0
"{""alpha"": 0.5, ""q_init"": ""random"", ""epsilon"": 0.1, ""epsilon_decay"": 0.0001, ""discount_factor"": 0.8}",8.01953299999991,100,0.0,0.0,0.0,0.0,0.0
"{""alpha"": 0.5, ""q_init"": ""random"", ""epsilon"": 0.1, ""epsilon_decay"": 0.0001, ""discount_factor"": 0.9}",8.259090000000015,100,0.0,0.0,0.0,0.0,0.0
"{""alpha"": 0.5, ""q_init"": ""random"", ""epsilon"": 0.3, ""epsilon_decay"": 0.0001, ""discount_factor"": 0.0}",5.174450999999863,100,0.0,0.0,0.0,0.0,0.0
"{""alpha"": 0.5, ""q_init"": ""random"", ""epsilon"": 0.3, ""epsilon_decay"": 0.0001, ""discount_factor"": 0.1}",4.732381000000032,100,0.0,0.0,0.0,0.0,0.0
"{""alpha"": 0.5, ""q_init"": ""random"", ""epsilon"": 0.3, ""epsilon_decay"": 0.0001, ""discount_factor"": 0.2}",7.823688999999831,100,0.0,0.0,0.0,0.0,0.0
"{""alpha"": 0.5, ""q_init"": ""random"", ""epsilon"": 0.3, ""epsilon_decay"": 0.0001, ""discount_factor"": 0.3}",7.71856600000001,100,0.0,0.0,0.0,0.0,0.0
"{""alpha"": 0.5, ""q_init"": ""random"", ""epsilon"": 0.3, ""epsilon_decay"": 0.0001, ""discount_factor"": 0.4}",7.625011000000086,100,0.0,0.0,0.0,0.0,0.0
"{""alpha"": 0.5, ""q_init"": ""random"", ""epsilon"": 0.3, ""epsilon_decay"": 0.0001, ""discount_factor"": 0.5}",7.829889999999978,100,0.0,0.0,0.0,0.0,0.0
"{""alpha"": 0.5, ""q_init"": ""random"", ""epsilon"": 0.3, ""epsilon_decay"": 0.0001, ""discount_factor"": 0.6}",7.731142000000091,100,0.0,0.0,0.0,0.0,0.0
"{""alpha"": 0.5, ""q_init"": ""random"", ""epsilon"": 0.3, ""epsilon_decay"": 0.0001, ""discount_factor"": 0.7}",7.743061000000125,100,0.0,0.0,0.0,0.0,0.0
"{""alpha"": 0.5, ""q_init"": ""random"", ""epsilon"": 0.3, ""epsilon_decay"": 0.0001, ""discount_factor"": 0.8}",7.835937000000058,100,0.0,0.0,0.0,0.0,0.0
"{""alpha"": 0.5, ""q_init"": ""random"", ""epsilon"": 0.3, ""epsilon_decay"": 0.0001, ""discount_factor"": 0.9}",7.696613999999954,100,0.0,0.0,0.0,0.0,0.0
"{""alpha"": 0.5, ""q_init"": ""random"", ""epsilon"": 0.5, ""epsilon_decay"": 0.0001, ""discount_factor"": 0.0}",4.9414959999999155,100,0.0,0.0,0.0,0.0,0.0
"{""alpha"": 0.5, ""q_init"": ""random"", ""epsilon"": 0.5, ""epsilon_decay"": 0.0001, ""discount_factor"": 0.1}",4.688585999999987,100,0.0,0.0,0.0,0.0,0.0
"{""alpha"": 0.5, ""q_init"": ""random"", ""epsilon"": 0.5, ""epsilon_decay"": 0.0001, ""discount_factor"": 0.2}",7.981842000000142,100,0.0,0.0,0.0,0.0,0.0
"{""alpha"": 0.5, ""q_init"": ""random"", ""epsilon"": 0.5, ""epsilon_decay"": 0.0001, ""discount_factor"": 0.3}",7.8966179999999895,100,0.0,0.0,0.0,0.0,0.0
"{""alpha"": 0.5, ""q_init"": ""random"", ""epsilon"": 0.5, ""epsilon_decay"": 0.0001, ""discount_factor"": 0.4}",7.84983299999999,100,0.0,0.0,0.0,0.0,0.0
"{""alpha"": 0.5, ""q_init"": ""random"", ""epsilon"": 0.5, ""epsilon_decay"": 0.0001, ""discount_factor"": 0.5}",7.720773000000008,100,0.0,0.0,0.0,0.0,0.0
"{""alpha"": 0.5, ""q_init"": ""random"", ""epsilon"": 0.5, ""epsilon_decay"": 0.0001, ""discount_factor"": 0.6}",7.965893999999935,100,0.0,0.0,0.0,0.0,0.0
"{""alpha"": 0.5, ""q_init"": ""random"", ""epsilon"": 0.5, ""epsilon_decay"": 0.0001, ""discount_factor"": 0.7}",7.8897249999999985,100,0.0,0.0,0.0,0.0,0.0
"{""alpha"": 0.5, ""q_init"": ""random"", ""epsilon"": 0.5, ""epsilon_decay"": 0.0001, ""discount_factor"": 0.8}",8.211129999999912,100,0.0,0.0,0.0,0.0,0.0
"{""alpha"": 0.5, ""q_init"": ""random"", ""epsilon"": 0.5, ""epsilon_decay"": 0.0001, ""discount_factor"": 0.9}",7.616191999999955,100,0.0,0.0,0.0,0.0,0.0
"{""alpha"": 0.5, ""q_init"": 0, ""epsilon"": 0.1, ""epsilon_decay"": 0.0001, ""discount_factor"": 0.0}",7.251912999999831,100,0.0,0.0,0.0,0.0,0.0
"{""alpha"": 0.5, ""q_init"": 0, ""epsilon"": 0.1, ""epsilon_decay"": 0.0001, ""discount_factor"": 0.1}",7.034351999999899,100,0.0,0.0,0.0,0.0,0.0
"{""alpha"": 0.5, ""q_init"": 0, ""epsilon"": 0.1, ""epsilon_decay"": 0.0001, ""discount_factor"": 0.2}",7.152814000000035,100,0.0,0.0,0.0,0.0,0.0
"{""alpha"": 0.5, ""q_init"": 0, ""epsilon"": 0.1, ""epsilon_decay"": 0.0001, ""discount_factor"": 0.3}",7.302918999999974,100,0.0,0.0,0.0,0.0,0.0
"{""alpha"": 0.5, ""q_init"": 0, ""epsilon"": 0.1, ""epsilon_decay"": 0.0001, ""discount_factor"": 0.4}",6.994929000000184,100,0.0,0.0,0.0,0.0,0.0
"{""alpha"": 0.5, ""q_init"": 0, ""epsilon"": 0.1, ""epsilon_decay"": 0.0001, ""discount_factor"": 0.5}",7.576790000000074,100,0.0,0.0,0.0,0.0,0.0
"{""alpha"": 0.5, ""q_init"": 0, ""epsilon"": 0.1, ""epsilon_decay"": 0.0001, ""discount_factor"": 0.6}",7.266178000000082,100,0.0,0.0,0.0,0.0,0.0
"{""alpha"": 0.5, ""q_init"": 0, ""epsilon"": 0.1, ""epsilon_decay"": 0.0001, ""discount_factor"": 0.7}",7.032433000000083,100,0.0,0.0,0.0,0.0,0.0
"{""alpha"": 0.5, ""q_init"": 0, ""epsilon"": 0.1, ""epsilon_decay"": 0.0001, ""discount_factor"": 0.8}",7.652197000000115,100,0.0,0.0,0.0,0.0,0.0
"{""alpha"": 0.5, ""q_init"": 0, ""epsilon"": 0.1, ""epsilon_decay"": 0.0001, ""discount_factor"": 0.9}",7.148531000000048,100,0.0,0.0,0.0,0.0,0.0
"{""alpha"": 0.5, ""q_init"": 0, ""epsilon"": 0.3, ""epsilon_decay"": 0.0001, ""discount_factor"": 0.0}",6.950767000000042,100,0.0,0.0,0.0,0.0,0.0
"{""alpha"": 0.5, ""q_init"": 0, ""epsilon"": 0.3, ""epsilon_decay"": 0.0001, ""discount_factor"": 0.1}",6.923371999999972,100,0.0,0.0,0.0,0.0,0.0
"{""alpha"": 0.5, ""q_init"": 0, ""epsilon"": 0.3, ""epsilon_decay"": 0.0001, ""discount_factor"": 0.2}",7.030345000000125,100,0.0,0.0,0.0,0.0,0.0
"{""alpha"": 0.5, ""q_init"": 0, ""epsilon"": 0.3, ""epsilon_decay"": 0.0001, ""discount_factor"": 0.3}",6.870697000000064,100,0.0,0.0,0.0,0.0,0.0
"{""alpha"": 0.5, ""q_init"": 0, ""epsilon"": 0.3, ""epsilon_decay"": 0.0001, ""discount_factor"": 0.4}",6.985162000000173,100,0.0,0.0,0.0,0.0,0.0
"{""alpha"": 0.5, ""q_init"": 0, ""epsilon"": 0.3, ""epsilon_decay"": 0.0001, ""discount_factor"": 0.5}",6.963854000000083,100,0.0,0.0,0.0,0.0,0.0
"{""alpha"": 0.5, ""q_init"": 0, ""epsilon"": 0.3, ""epsilon_decay"": 0.0001, ""discount_factor"": 0.6}",7.192939000000024,100,0.0,0.0,0.0,0.0,0.0
"{""alpha"": 0.5, ""q_init"": 0, ""epsilon"": 0.3, ""epsilon_decay"": 0.0001, ""discount_factor"": 0.7}",7.034488999999894,100,0.0,0.0,0.0,0.0,0.0
"{""alpha"": 0.5, ""q_init"": 0, ""epsilon"": 0.3, ""epsilon_decay"": 0.0001, ""discount_factor"": 0.8}",6.9729919999999765,100,0.0,0.0,0.0,0.0,0.0
"{""alpha"": 0.5, ""q_init"": 0, ""epsilon"": 0.3, ""epsilon_decay"": 0.0001, ""discount_factor"": 0.9}",7.090755999999828,100,0.0,0.0,0.0,0.0,0.0
"{""alpha"": 0.5, ""q_init"": 0, ""epsilon"": 0.5, ""epsilon_decay"": 0.0001, ""discount_factor"": 0.0}",6.816587999999911,100,0.0,0.0,0.0,0.0,0.0
"{""alpha"": 0.5, ""q_init"": 0, ""epsilon"": 0.5, ""epsilon_decay"": 0.0001, ""discount_factor"": 0.1}",6.753217000000177,100,0.0,0.0,0.0,0.0,0.0
"{""alpha"": 0.5, ""q_init"": 0, ""epsilon"": 0.5, ""epsilon_decay"": 0.0001, ""discount_factor"": 0.2}",6.833358000000089,100,0.0,0.0,0.0,0.0,0.0
"{""alpha"": 0.5, ""q_init"": 0, ""epsilon"": 0.5, ""epsilon_decay"": 0.0001, ""discount_factor"": 0.3}",6.52131600000007,100,0.0,0.0,0.0,0.0,0.0
"{""alpha"": 0.5, ""q_init"": 0, ""epsilon"": 0.5, ""epsilon_decay"": 0.0001, ""discount_factor"": 0.4}",7.013092000000142,100,0.0,0.0,0.0,0.0,0.0
"{""alpha"": 0.5, ""q_init"": 0, ""epsilon"": 0.5, ""epsilon_decay"": 0.0001, ""discount_factor"": 0.5}",7.007017000000133,100,0.0,0.0,0.0,0.0,0.0
"{""alpha"": 0.5, ""q_init"": 0, ""epsilon"": 0.5, ""epsilon_decay"": 0.0001, ""discount_factor"": 0.6}",6.826855000000023,100,0.0,0.0,0.0,0.0,0.0
"{""alpha"": 0.5, ""q_init"": 0, ""epsilon"": 0.5, ""epsilon_decay"": 0.0001, ""discount_factor"": 0.7}",6.74464799999987,100,0.0,0.0,0.0,0.0,0.0
"{""alpha"": 0.5, ""q_init"": 0, ""epsilon"": 0.5, ""epsilon_decay"": 0.0001, ""discount_factor"": 0.8}",6.664834000000155,100,0.0,0.0,0.0,0.0,0.0
"{""alpha"": 0.5, ""q_init"": 0, ""epsilon"": 0.5, ""epsilon_decay"": 0.0001, ""discount_factor"": 0.9}",6.763964999999871,100,0.0,0.0,0.0,0.0,0.0
"{""alpha"": 0.9, ""q_init"": ""random"", ""epsilon"": 0.1, ""epsilon_decay"": 0.0001, ""discount_factor"": 0.0}",4.746926999999914,100,0.0,0.0,0.0,0.0,0.0
"{""alpha"": 0.9, ""q_init"": ""random"", ""epsilon"": 0.1, ""epsilon_decay"": 0.0001, ""discount_factor"": 0.1}",4.618682999999919,100,0.0,0.0,0.0,0.0,0.0
"{""alpha"": 0.9, ""q_init"": ""random"", ""epsilon"": 0.1, ""epsilon_decay"": 0.0001, ""discount_factor"": 0.2}",7.473885000000109,100,0.0,0.0,0.0,0.0,0.0
"{""alpha"": 0.9, ""q_init"": ""random"", ""epsilon"": 0.1, ""epsilon_decay"": 0.0001, ""discount_factor"": 0.3}",7.5563949999998385,100,0.0,0.0,0.0,0.0,0.0
"{""alpha"": 0.9, ""q_init"": ""random"", ""epsilon"": 0.1, ""epsilon_decay"": 0.0001, ""discount_factor"": 0.4}",7.51556800000003,100,0.0,0.0,0.0,0.0,0.0
"{""alpha"": 0.9, ""q_init"": ""random"", ""epsilon"": 0.1, ""epsilon_decay"": 0.0001, ""discount_factor"": 0.5}",7.543668000000025,100,0.0,0.0,0.0,0.0,0.0
"{""alpha"": 0.9, ""q_init"": ""random"", ""epsilon"": 0.1, ""epsilon_decay"": 0.0001, ""discount_factor"": 0.6}",7.570453000000043,100,0.0,0.0,0.0,0.0,0.0
"{""alpha"": 0.9, ""q_init"": ""random"", ""epsilon"": 0.1, ""epsilon_decay"": 0.0001, ""discount_factor"": 0.7}",7.594632999999931,100,0.0,0.0,0.0,0.0,0.0
"{""alpha"": 0.9, ""q_init"": ""random"", ""epsilon"": 0.1, ""epsilon_decay"": 0.0001, ""discount_factor"": 0.8}",7.5166609999998855,100,0.0,0.0,0.0,0.0,0.0
"{""alpha"": 0.9, ""q_init"": ""random"", ""epsilon"": 0.1, ""epsilon_decay"": 0.0001, ""discount_factor"": 0.9}",7.626107999999931,100,0.0,0.0,0.0,0.0,0.0
"{""alpha"": 0.9, ""q_init"": ""random"", ""epsilon"": 0.3, ""epsilon_decay"": 0.0001, ""discount_factor"": 0.0}",4.7859900000000835,100,0.0,0.0,0.0,0.0,0.0
"{""alpha"": 0.9, ""q_init"": ""random"", ""epsilon"": 0.3, ""epsilon_decay"": 0.0001, ""discount_factor"": 0.1}",4.62619299999983,100,0.0,0.0,0.0,0.0,0.0
"{""alpha"": 0.9, ""q_init"": ""random"", ""epsilon"": 0.3, ""epsilon_decay"": 0.0001, ""discount_factor"": 0.2}",7.635741000000053,100,0.0,0.0,0.0,0.0,0.0
"{""alpha"": 0.9, ""q_init"": ""random"", ""epsilon"": 0.3, ""epsilon_decay"": 0.0001, ""discount_factor"": 0.3}",7.652238000000125,100,0.0,0.0,0.0,0.0,0.0
"{""alpha"": 0.9, ""q_init"": ""random"", ""epsilon"": 0.3, ""epsilon_decay"": 0.0001, ""discount_factor"": 0.4}",7.690942999999834,100,0.0,0.0,0.0,0.0,0.0
"{""alpha"": 0.9, ""q_init"": ""random"", ""epsilon"": 0.3, ""epsilon_decay"": 0.0001, ""discount_factor"": 0.5}",7.674330999999938,100,0.0,0.0,0.0,0.0,0.0
"{""alpha"": 0.9, ""q_init"": ""random"", ""epsilon"": 0.3, ""epsilon_decay"": 0.0001, ""discount_factor"": 0.6}",7.660699000000022,100,0.0,0.0,0.0,0.0,0.0
"{""alpha"": 0.9, ""q_init"": ""random"", ""epsilon"": 0.3, ""epsilon_decay"": 0.0001, ""discount_factor"": 0.7}",7.642299000000094,100,0.0,0.0,0.0,0.0,0.0
"{""alpha"": 0.9, ""q_init"": ""random"", ""epsilon"": 0.3, ""epsilon_decay"": 0.0001, ""discount_factor"": 0.8}",7.688679000000093,100,0.0,0.0,0.0,0.0,0.0
"{""alpha"": 0.9, ""q_init"": ""random"", ""epsilon"": 0.3, ""epsilon_decay"": 0.0001, ""discount_factor"": 0.9}",7.746601000000055,100,0.0,0.0,0.0,0.0,0.0
"{""alpha"": 0.9, ""q_init"": ""random"", ""epsilon"": 0.5, ""epsilon_decay"": 0.0001, ""discount_factor"": 0.0}",4.767321000000038,100,0.0,0.0,0.0,0.0,0.0
"{""alpha"": 0.9, ""q_init"": ""random"", ""epsilon"": 0.5, ""epsilon_decay"": 0.0001, ""discount_factor"": 0.1}",4.659167000000025,100,0.0,0.0,0.0,0.0,0.0
"{""alpha"": 0.9, ""q_init"": ""random"", ""epsilon"": 0.5, ""epsilon_decay"": 0.0001, ""discount_factor"": 0.2}",7.750851999999895,100,0.0,0.0,0.0,0.0,0.0
"{""alpha"": 0.9, ""q_init"": ""random"", ""epsilon"": 0.5, ""epsilon_decay"": 0.0001, ""discount_factor"": 0.3}",7.7535519999999,100,0.0,0.0,0.0,0.0,0.0
"{""alpha"": 0.9, ""q_init"": ""random"", ""epsilon"": 0.5, ""epsilon_decay"": 0.0001, ""discount_factor"": 0.4}",7.785135999999966,100,0.0,0.0,0.0,0.0,0.0
"{""alpha"": 0.9, ""q_init"": ""random"", ""epsilon"": 0.5, ""epsilon_decay"": 0.0001, ""discount_factor"": 0.5}",7.749847000000045,100,0.0,0.0,0.0,0.0,0.0
"{""alpha"": 0.9, ""q_init"": ""random"", ""epsilon"": 0.5, ""epsilon_decay"": 0.0001, ""discount_factor"": 0.6}",7.700055999999904,100,0.0,0.0,0.0,0.0,0.0
"{""alpha"": 0.9, ""q_init"": ""random"", ""epsilon"": 0.5, ""epsilon_decay"": 0.0001, ""discount_factor"": 0.7}",7.788841000000048,100,0.0,0.0,0.0,0.0,0.0
"{""alpha"": 0.9, ""q_init"": ""random"", ""epsilon"": 0.5, ""epsilon_decay"": 0.0001, ""discount_factor"": 0.8}",7.7944760000000315,100,0.0,0.0,0.0,0.0,0.0
"{""alpha"": 0.9, ""q_init"": ""random"", ""epsilon"": 0.5, ""epsilon_decay"": 0.0001, ""discount_factor"": 0.9}",7.920239000000038,100,0.0,0.0,0.0,0.0,0.0
"{""alpha"": 0.9, ""q_init"": 0, ""epsilon"": 0.1, ""epsilon_decay"": 0.0001, ""discount_factor"": 0.0}",7.138069999999971,100,0.0,0.0,0.0,0.0,0.0
"{""alpha"": 0.9, ""q_init"": 0, ""epsilon"": 0.1, ""epsilon_decay"": 0.0001, ""discount_factor"": 0.1}",7.229464000000007,100,0.0,0.0,0.0,0.0,0.0
"{""alpha"": 0.9, ""q_init"": 0, ""epsilon"": 0.1, ""epsilon_decay"": 0.0001, ""discount_factor"": 0.2}",7.137735000000248,100,0.0,0.0,0.0,0.0,0.0
"{""alpha"": 0.9, ""q_init"": 0, ""epsilon"": 0.1, ""epsilon_decay"": 0.0001, ""discount_factor"": 0.3}",6.77303400000028,100,0.0,0.0,0.0,0.0,0.0
"{""alpha"": 0.9, ""q_init"": 0, ""epsilon"": 0.1, ""epsilon_decay"": 0.0001, ""discount_factor"": 0.4}",7.086256999999932,100,0.0,0.0,0.0,0.0,0.0
"{""alpha"": 0.9, ""q_init"": 0, ""epsilon"": 0.1, ""epsilon_decay"": 0.0001, ""discount_factor"": 0.5}",7.033770000000004,100,0.0,0.0,0.0,0.0,0.0
"{""alpha"": 0.9, ""q_init"": 0, ""epsilon"": 0.1, ""epsilon_decay"": 0.0001, ""discount_factor"": 0.6}",7.73913500000026,100,0.0,0.0,0.0,0.0,0.0
"{""alpha"": 0.9, ""q_init"": 0, ""epsilon"": 0.1, ""epsilon_decay"": 0.0001, ""discount_factor"": 0.7}",7.033510000000206,100,0.0,0.0,0.0,0.0,0.0
"{""alpha"": 0.9, ""q_init"": 0, ""epsilon"": 0.1, ""epsilon_decay"": 0.0001, ""discount_factor"": 0.8}",7.911008000000038,100,0.0,0.0,0.0,0.0,0.0
"{""alpha"": 0.9, ""q_init"": 0, ""epsilon"": 0.1, ""epsilon_decay"": 0.0001, ""discount_factor"": 0.9}",7.054773000000296,100,0.0,0.0,0.0,0.0,0.0
"{""alpha"": 0.9, ""q_init"": 0, ""epsilon"": 0.3, ""epsilon_decay"": 0.0001, ""discount_factor"": 0.0}",6.9930490000001555,100,0.0,0.0,0.0,0.0,0.0
"{""alpha"": 0.9, ""q_init"": 0, ""epsilon"": 0.3, ""epsilon_decay"": 0.0001, ""discount_factor"": 0.1}",7.577788999999939,100,0.0,0.0,0.0,0.0,0.0
"{""alpha"": 0.9, ""q_init"": 0, ""epsilon"": 0.3, ""epsilon_decay"": 0.0001, ""discount_factor"": 0.2}",7.311615999999958,100,0.0,0.0,0.0,0.0,0.0
"{""alpha"": 0.9, ""q_init"": 0, ""epsilon"": 0.3, ""epsilon_decay"": 0.0001, ""discount_factor"": 0.3}",7.399326000000201,100,0.0,0.0,0.0,0.0,0.0
"{""alpha"": 0.9, ""q_init"": 0, ""epsilon"": 0.3, ""epsilon_decay"": 0.0001, ""discount_factor"": 0.4}",8.008532000000287,100,0.0,0.0,0.0,0.0,0.0
"{""alpha"": 0.9, ""q_init"": 0, ""epsilon"": 0.3, ""epsilon_decay"": 0.0001, ""discount_factor"": 0.5}",7.344005999999808,100,0.0,0.0,0.0,0.0,0.0
"{""alpha"": 0.9, ""q_init"": 0, ""epsilon"": 0.3, ""epsilon_decay"": 0.0001, ""discount_factor"": 0.6}",7.757681999999932,100,0.0,0.0,0.0,0.0,0.0
"{""alpha"": 0.9, ""q_init"": 0, ""epsilon"": 0.3, ""epsilon_decay"": 0.0001, ""discount_factor"": 0.7}",7.5224169999996775,100,0.0,0.0,0.0,0.0,0.0
"{""alpha"": 0.9, ""q_init"": 0, ""epsilon"": 0.3, ""epsilon_decay"": 0.0001, ""discount_factor"": 0.8}",7.523729000000003,100,0.0,0.0,0.0,0.0,0.0
"{""alpha"": 0.9, ""q_init"": 0, ""epsilon"": 0.3, ""epsilon_decay"": 0.0001, ""discount_factor"": 0.9}",7.4715259999998125,100,0.0,0.0,0.0,0.0,0.0
"{""alpha"": 0.9, ""q_init"": 0, ""epsilon"": 0.5, ""epsilon_decay"": 0.0001, ""discount_factor"": 0.0}",7.168051999999989,100,0.0,0.0,0.0,0.0,0.0
"{""alpha"": 0.9, ""q_init"": 0, ""epsilon"": 0.5, ""epsilon_decay"": 0.0001, ""discount_factor"": 0.1}",7.328092000000197,100,0.0,0.0,0.0,0.0,0.0
"{""alpha"": 0.9, ""q_init"": 0, ""epsilon"": 0.5, ""epsilon_decay"": 0.0001, ""discount_factor"": 0.2}",7.5557810000000245,100,0.0,0.0,0.0,0.0,0.0
"{""alpha"": 0.9, ""q_init"": 0, ""epsilon"": 0.5, ""epsilon_decay"": 0.0001, ""discount_factor"": 0.3}",6.995840999999928,100,0.0,0.0,0.0,0.0,0.0
"{""alpha"": 0.9, ""q_init"": 0, ""epsilon"": 0.5, ""epsilon_decay"": 0.0001, ""discount_factor"": 0.4}",7.0312910000002375,100,0.0,0.0,0.0,0.0,0.0
"{""alpha"": 0.9, ""q_init"": 0, ""epsilon"": 0.5, ""epsilon_decay"": 0.0001, ""discount_factor"": 0.5}",7.407275000000027,100,0.0,0.0,0.0,0.0,0.0
"{""alpha"": 0.9, ""q_init"": 0, ""epsilon"": 0.5, ""epsilon_decay"": 0.0001, ""discount_factor"": 0.6}",7.317195999999967,100,0.0,0.0,0.0,0.0,0.0
"{""alpha"": 0.9, ""q_init"": 0, ""epsilon"": 0.5, ""epsilon_decay"": 0.0001, ""discount_factor"": 0.7}",7.194547000000057,100,0.0,0.0,0.0,0.0,0.0
"{""alpha"": 0.9, ""q_init"": 0, ""epsilon"": 0.5, ""epsilon_decay"": 0.0001, ""discount_factor"": 0.8}",6.848307000000204,100,0.0,0.0,0.0,0.0,0.0
"{""alpha"": 0.9, ""q_init"": 0, ""epsilon"": 0.5, ""epsilon_decay"": 0.0001, ""discount_factor"": 0.9}",6.935289999999895,100,0.0,0.0,0.0,0.0,0.0
